lang,instances,repositories,query_from_problem_statement,query_from_resolved_issues,query_source_missing,instances_with_gold_path_cue,gold_path_cue_fraction,gold_files_all,gold_files_evaluable,gold_files_excluded,instances_without_evaluable_gold,mean_query_chars
c,128,3,0,128,0,25,0.195312,582,384,198,15,1317.2
cpp,129,5,0,129,0,51,0.395349,641,463,178,1,1963.1
go,428,3,0,428,0,42,0.098131,1606,1432,174,0,1163.5
java,128,9,0,128,0,34,0.265625,370,197,173,3,2785.0
js,84,5,0,84,0,4,0.047619,226,162,64,4,988.3
kotlin,105,8,0,105,0,11,0.104762,240,177,63,0,1551.0
python,500,12,500,0,0,122,0.244,623,621,2,0,1672.2
rust,239,10,0,239,0,22,0.09205,1136,854,282,0,2530.6
ts,50,2,0,50,0,2,0.04,95,95,0,0,1673.1
