lang,n,method,hit@1,hit@3,hit@5,hit@10,hit@20,hit@50,mrr,ap
c,128,anchor_path_graph,0.1328,0.2734,0.3516,0.4844,0.5703,0.7266,0.2397,0.1634
c,128,anchor_path_only,0.2734,0.4688,0.5547,0.6797,0.7656,0.875,0.4024,0.2668
c,128,anchor_symbol_only,0.1797,0.3906,0.4531,0.6016,0.6953,0.8516,0.3045,0.1876
c,128,bm25,0.2266,0.3984,0.4844,0.6172,0.7109,0.8516,0.3448,0.2295
c,128,bm25_anchor,0.2344,0.4688,0.5234,0.6719,0.75,0.875,0.3674,0.2452
c,128,bm25_anchor_graph,0.1484,0.2812,0.3828,0.5156,0.5781,0.7109,0.2514,0.1691
c,128,bm25_graph,0.0625,0.1641,0.2578,0.375,0.5,0.6719,0.1544,0.0985
c,128,bm25_path,0.2188,0.3984,0.4844,0.6172,0.7109,0.8516,0.3411,0.2277
cpp,129,anchor_path_graph,0.5116,0.7132,0.7984,0.9225,0.9535,0.9922,0.6334,0.4631
cpp,129,anchor_path_only,0.5194,0.8217,0.8837,0.9302,0.969,0.9845,0.6806,0.5306
cpp,129,anchor_symbol_only,0.4729,0.7829,0.8837,0.9302,0.9535,0.9845,0.6466,0.4912
cpp,129,bm25,0.4961,0.7752,0.8372,0.9147,0.9535,0.9845,0.6486,0.4856
cpp,129,bm25_anchor,0.5349,0.814,0.907,0.9457,0.969,0.9845,0.6945,0.5336
cpp,129,bm25_anchor_graph,0.5039,0.7287,0.8295,0.9225,0.9767,0.9922,0.6478,0.4868
cpp,129,bm25_graph,0.4186,0.6434,0.7519,0.8992,0.9535,0.9922,0.5656,0.3828
cpp,129,bm25_path,0.4961,0.7752,0.8372,0.9147,0.9535,0.9845,0.6486,0.4856
go,428,anchor_path_graph,0.2593,0.5117,0.6425,0.7757,0.8645,0.9486,0.4261,0.3319
go,428,anchor_path_only,0.4813,0.7009,0.7991,0.9019,0.9299,0.965,0.6181,0.4919
go,428,anchor_symbol_only,0.3551,0.5818,0.7266,0.8762,0.9252,0.9626,0.5097,0.4062
go,428,bm25,0.465,0.6893,0.785,0.8972,0.9229,0.9626,0.6044,0.4811
go,428,bm25_anchor,0.3879,0.6075,0.7407,0.8855,0.9322,0.965,0.5369,0.429
go,428,bm25_anchor_graph,0.3411,0.5584,0.6846,0.8014,0.8692,0.9486,0.4878,0.3855
go,428,bm25_graph,0.222,0.4743,0.6145,0.7523,0.8435,0.9369,0.3917,0.301
go,428,bm25_path,0.4673,0.6893,0.7874,0.8972,0.9206,0.9626,0.6059,0.4821
java,128,anchor_path_graph,0.3516,0.5391,0.6172,0.7344,0.7734,0.9062,0.479,0.3527
java,128,anchor_path_only,0.4453,0.625,0.75,0.8281,0.8672,0.9219,0.5656,0.4161
java,128,anchor_symbol_only,0.3516,0.6016,0.6562,0.7422,0.8125,0.8984,0.499,0.3654
java,128,bm25,0.3359,0.5469,0.6719,0.7812,0.8359,0.9219,0.4795,0.3588
java,128,bm25_anchor,0.4062,0.6172,0.6797,0.75,0.8125,0.8984,0.5323,0.3819
java,128,bm25_anchor_graph,0.3125,0.4844,0.5859,0.75,0.8047,0.8906,0.4462,0.3145
java,128,bm25_graph,0.2344,0.4062,0.4766,0.6172,0.6875,0.8828,0.3587,0.2611
java,128,bm25_path,0.3438,0.5391,0.6719,0.7891,0.8359,0.9141,0.4832,0.3624
js,84,anchor_path_graph,0.3571,0.5714,0.6429,0.7976,0.8214,0.9167,0.4977,0.381
js,84,anchor_path_only,0.3929,0.6071,0.7619,0.7976,0.9048,0.9405,0.5357,0.4245
js,84,anchor_symbol_only,0.3929,0.6429,0.75,0.8214,0.9286,0.9405,0.5416,0.4329
js,84,bm25,0.381,0.6071,0.75,0.7976,0.9167,0.9405,0.5269,0.4247
js,84,bm25_anchor,0.4048,0.6429,0.7381,0.8095,0.9167,0.9405,0.5478,0.4305
js,84,bm25_anchor_graph,0.4048,0.5833,0.6429,0.7857,0.8214,0.9167,0.5232,0.4012
js,84,bm25_graph,0.3571,0.5714,0.6429,0.8095,0.8214,0.9167,0.4987,0.3821
js,84,bm25_path,0.3929,0.619,0.7381,0.7976,0.9167,0.9405,0.5348,0.4273
kotlin,105,anchor_path_graph,0.4381,0.5524,0.6286,0.7048,0.8381,0.9333,0.5313,0.4039
kotlin,105,anchor_path_only,0.4381,0.5524,0.6286,0.7048,0.8381,0.9333,0.5313,0.4039
kotlin,105,anchor_symbol_only,0.4,0.5238,0.6095,0.6857,0.819,0.9238,0.5005,0.3773
kotlin,105,bm25,0.4,0.5238,0.6095,0.6857,0.819,0.9238,0.5005,0.3773
kotlin,105,bm25_anchor,0.4381,0.5524,0.6286,0.7048,0.8381,0.9333,0.5313,0.4039
kotlin,105,bm25_anchor_graph,0.4381,0.5524,0.6286,0.7048,0.8381,0.9333,0.5313,0.4039
kotlin,105,bm25_graph,0.4,0.5238,0.6095,0.6857,0.819,0.9238,0.5005,0.3773
kotlin,105,bm25_path,0.4095,0.5429,0.5905,0.6952,0.8286,0.9238,0.5075,0.3812
python,500,anchor_path_graph,0.334,0.56,0.66,0.78,0.842,0.91,0.4763,0.4502
python,500,anchor_path_only,0.46,0.64,0.738,0.822,0.878,0.95,0.5795,0.5548
python,500,anchor_symbol_only,0.438,0.652,0.73,0.804,0.888,0.968,0.5702,0.5438
python,500,bm25,0.436,0.62,0.718,0.834,0.892,0.948,0.5604,0.5398
python,500,bm25_anchor,0.472,0.688,0.762,0.83,0.894,0.964,0.6022,0.575
python,500,bm25_anchor_graph,0.354,0.606,0.714,0.818,0.904,0.94,0.511,0.4879
python,500,bm25_graph,0.234,0.476,0.592,0.75,0.828,0.91,0.3928,0.3693
python,500,bm25_path,0.44,0.624,0.724,0.834,0.894,0.952,0.5643,0.543
rust,239,anchor_path_graph,0.2929,0.4895,0.5565,0.6778,0.8117,0.954,0.4285,0.2588
rust,239,anchor_path_only,0.4184,0.6904,0.7741,0.8536,0.9079,0.9707,0.5696,0.3984
rust,239,anchor_symbol_only,0.2803,0.5272,0.6569,0.8075,0.887,0.9665,0.4447,0.3044
rust,239,bm25,0.3933,0.6611,0.749,0.8452,0.8996,0.9707,0.5478,0.3913
rust,239,bm25_anchor,0.3096,0.5649,0.6736,0.8243,0.8996,0.9665,0.4741,0.3255
rust,239,bm25_anchor_graph,0.2636,0.4937,0.6067,0.7531,0.8494,0.9414,0.4191,0.2666
rust,239,bm25_graph,0.251,0.4477,0.5188,0.6402,0.7782,0.9498,0.3886,0.2272
rust,239,bm25_path,0.3975,0.6611,0.749,0.841,0.8996,0.9749,0.5499,0.3937
ts,50,anchor_path_graph,0.12,0.22,0.3,0.38,0.56,0.7,0.2145,0.172
ts,50,anchor_path_only,0.16,0.28,0.34,0.48,0.6,0.86,0.2632,0.2324
ts,50,anchor_symbol_only,0.16,0.32,0.34,0.48,0.58,0.86,0.272,0.2487
ts,50,bm25,0.14,0.26,0.32,0.48,0.6,0.86,0.2467,0.2219
ts,50,bm25_anchor,0.2,0.34,0.36,0.48,0.58,0.86,0.2986,0.2692
ts,50,bm25_anchor_graph,0.1,0.22,0.3,0.4,0.54,0.7,0.2073,0.1905
ts,50,bm25_graph,0.08,0.2,0.28,0.34,0.56,0.7,0.1859,0.1426
ts,50,bm25_path,0.14,0.26,0.32,0.48,0.58,0.86,0.2469,0.2223
